<?xml version="1.0" encoding="UTF-8"?>
<project-private xmlns="http://www.netbeans.org/ns/project-private/1">
    <editor-bookmarks xmlns="http://www.netbeans.org/ns/editor-bookmarks/2" lastBookmarkId="0"/>
    <open-files xmlns="http://www.netbeans.org/ns/projectui-open-files/2">
        <group>
            <file>file:/home/mehdi/Portefolio%202/public_html/slidefolio/index.html</file>
            <file>file:/home/mehdi/Portefolio%202/public_html/slidefolio/css/slidefolio.css</file>
        </group>
    </open-files>
</project-private>
